Sensor X1,Motor Y1,Sensor X2,Motor Y2,Sensor X3,Motor Y3, Sensor X4,Motor Y4,
0.777146,0.651066,0.777146,0.651066,0.777146,0.651066,0.777146,0.651066,
0.79004,0.658432,0.792098,0.659596,0.794289,0.660832,0.796527,0.662091,
0.78994,0.651544,0.780927,0.645856,0.771033,0.639918,0.760782,0.633581,
0.793168,0.649448,0.778281,0.641209,0.763714,0.633306,0.750044,0.625546,
0.793687,0.644895,0.770883,0.632992,0.750017,0.621894,0.731172,0.611292,
0.794235,0.64055,0.764575,0.625776,0.738817,0.612408,0.716442,0.599875,
0.796167,0.638097,0.761374,0.621532,0.732422,0.606782,0.707884,0.593057,
0.799427,0.637652,0.761116,0.620133,0.730201,0.604759,0.704553,0.590484,
0.800299,0.635543,0.757204,0.616261,0.723355,0.599562,0.695774,0.584145,
0.799824,0.631308,0.751528,0.610248,0.714639,0.592193,0.685088,0.575608,
0.80316,0.632092,0.752645,0.610584,0.714793,0.592295,0.684825,0.575542,
0.803328,0.629377,0.748924,0.606608,0.708898,0.587356,0.677555,0.5698,
0.804156,0.62701,0.74663,0.603489,0.705065,0.583642,0.672791,0.565561,
0.807955,0.628357,0.749232,0.604882,0.707304,0.585062,0.674916,0.567021,
0.809494,0.627563,0.748432,0.603565,0.705426,0.583293,0.672355,0.564867,
0.811037,0.626576,0.747908,0.602226,0.703984,0.581601,0.670324,0.562866,
0.815378,0.629185,0.751815,0.605025,0.707926,0.58456,0.674377,0.566002,
0.815505,0.626994,0.749536,0.602244,0.704401,0.581227,0.670016,0.562157,
0.820624,0.63063,0.754768,0.606186,0.70991,0.585441,0.675785,0.566653,
0.821094,0.629136,0.753197,0.604196,0.707301,0.58297,0.672452,0.563752,
0.824617,0.630831,0.756237,0.605997,0.710197,0.584828,0.675287,0.565662,
0.826556,0.630647,0.7571,0.605764,0.710556,0.584463,0.67533,0.565165,
0.831253,0.634124,0.761983,0.609429,0.715669,0.588353,0.680653,0.569281,
0.833996,0.636629,0.764174,0.611531,0.717622,0.590294,0.682456,0.571127,
0.833386,0.634095,0.761766,0.608676,0.714249,0.58706,0.678445,0.567534,
0.836138,0.634696,0.764152,0.609544,0.7165,0.588032,0.680618,0.56856,
0.840907,0.639498,0.769484,0.614307,0.722262,0.593003,0.686711,0.573784,
0.84001,0.637156,0.766891,0.611549,0.718686,0.589822,0.682468,0.570196,
0.842723,0.638797,0.769516,0.613271,0.721303,0.591617,0.685092,0.572058,
0.844948,0.640745,0.77151,0.615018,0.723216,0.593307,0.686958,0.573745,
0.845733,0.640875,0.771611,0.614921,0.722947,0.593041,0.686438,0.573355,
0.847548,0.64312,0.773267,0.616809,0.724536,0.594821,0.688005,0.575107,
0.847134,0.641745,0.771993,0.615288,0.722759,0.593108,0.685883,0.573228,
0.848653,0.643809,0.773457,0.617047,0.724211,0.594779,0.687339,0.574881,
0.848315,0.643958,0.772521,0.616756,0.722914,0.594233,0.685818,0.574157,
0.848188,0.645237,0.77193,0.617401,0.722067,0.594552,0.68479,0.574282,
0.847002,0.646055,0.770012,0.617359,0.719728,0.594029,0.682144,0.573437,
0.845094,0.646117,0.767256,0.616596,0.716521,0.592788,0.678628,0.571876,
0.842703,0.644644,0.764101,0.6147,0.71301,0.59061,0.674903,0.569519,
0.840463,0.6439,0.761112,0.613326,0.709601,0.588828,0.671193,0.567454,
0.837649,0.643891,0.757311,0.612246,0.70522,0.587078,0.666345,0.565218,
0.834137,0.63986,0.753321,0.608522,0.701214,0.583482,0.662458,0.561751,
0.831259,0.640016,0.74943,0.607472,0.696681,0.581641,0.657352,0.559321,
0.827676,0.639559,0.745117,0.606098,0.692013,0.579728,0.65243,0.557028,
0.824197,0.636913,0.741511,0.603547,0.688581,0.577257,0.649237,0.554667,
0.820375,0.632713,0.737216,0.599528,0.684129,0.573219,0.644694,0.55059,
0.816975,0.628118,0.733466,0.595305,0.680245,0.569062,0.640724,0.546424,
0.814,0.62443,0.730355,0.591908,0.677086,0.565718,0.637527,0.543076,
0.811051,0.622096,0.727356,0.58957,0.674086,0.563329,0.634518,0.540635,
0.592375,0.472886,0.347778,0.292061,0.155201,0.121271,-0.0137479,-0.0401392,
0.602597,0.475233,0.361737,0.295754,0.164426,0.120009,-0.0123724,-0.0499521,
0.603145,0.478788,0.379085,0.314743,0.211247,0.168447,0.0753449,0.0401066,
0.603153,0.477185,0.379261,0.312092,0.209942,0.164923,0.0686918,0.031192,
0.59598,0.47518,0.377437,0.313945,0.217569,0.175535,0.0893425,0.0560647,
0.586471,0.470563,0.368413,0.310335,0.211481,0.175777,0.0819407,0.0599479,
0.584585,0.470313,0.371625,0.31476,0.219617,0.187107,0.100042,0.079173,
0.58947,0.471905,0.383824,0.320922,0.237117,0.195941,0.122396,0.0881454,
0.588115,0.468398,0.387376,0.321902,0.247616,0.203348,0.140491,0.102258,
0.574789,0.465449,0.374592,0.321136,0.234259,0.207515,0.125727,0.116904,
0.580167,0.462998,0.387805,0.323055,0.254233,0.209723,0.151706,0.113234,
0.574299,0.463105,0.387824,0.329802,0.263138,0.226544,0.170141,0.141532,
0.573552,0.462584,0.39336,0.33745,0.274098,0.241736,0.184078,0.162269,
0.574309,0.462278,0.397243,0.336817,0.280602,0.240242,0.192485,0.156966,
0.576049,0.460287,0.407331,0.34288,0.298499,0.254556,0.2169,0.17849,
0.573143,0.462342,0.409566,0.350882,0.303564,0.267772,0.225458,0.197605,
0.57413,0.458763,0.413519,0.346592,0.307646,0.258742,0.229189,0.183252,
0.572373,0.46326,0.419247,0.36211,0.3215,0.287304,0.249983,0.223938,
0.570533,0.4581,0.417052,0.351207,0.317585,0.267934,0.243135,0.195409,
0.570201,0.458334,0.426572,0.363704,0.335523,0.29222,0.269718,0.232225,
0.567301,0.452496,0.42448,0.356798,0.332841,0.282622,0.264712,0.218485,
0.568397,0.453443,0.432583,0.365684,0.345757,0.298328,0.283414,0.242159,
0.562552,0.44181,0.425658,0.348146,0.337587,0.274088,0.27418,0.211065,
0.550959,0.429266,0.412619,0.330545,0.326027,0.251935,0.278628,0.187369,
0.552641,0.433612,0.422125,0.348646,0.339716,0.284151,0.280486,0.232236,
0.552387,0.435412,0.425954,0.353937,0.344854,0.290611,0.282829,0.237501,
0.535483,0.418244,0.402417,0.322364,0.318973,0.243599,0.276617,0.193128,
0.536427,0.42401,0.413416,0.344507,0.3346,0.282505,0.273714,0.231303,
0.529285,0.419032,0.404148,0.335216,0.323052,0.267938,0.257922,0.213351,
0.517419,0.410453,0.391657,0.323739,0.309753,0.25291,0.244713,0.197275,
0.510179,0.407794,0.387801,0.326072,0.307073,0.259891,0.243631,0.204176,
0.494908,0.391843,0.369218,0.302435,0.286159,0.227755,0.220786,0.170891,
0.490156,0.389073,0.36994,0.309155,0.289887,0.244436,0.22576,0.188754,
0.474783,0.371024,0.35143,0.281837,0.269663,0.206445,0.206351,0.1532,
0.462295,0.359018,0.338242,0.269381,0.256888,0.19564,0.190954,0.140982,
0.444323,0.344689,0.316522,0.248831,0.232638,0.169104,0.165722,0.111515,
0.424667,0.329376,0.291326,0.22733,0.203243,0.143143,0.132816,0.0807279,
0.407747,0.310585,0.27188,0.205263,0.18105,0.117784,0.10765,0.0536997,
0.397006,0.305173,0.263009,0.204449,0.172454,0.122738,0.0975463,0.0556414,
0.384496,0.288828,0.250296,0.184949,0.161407,0.100898,0.0876577,0.0372882,
0.366643,0.273,0.229328,0.162938,0.139947,0.0740325,0.0686284,0.011915,
0.365698,0.273449,0.236914,0.17864,0.151927,0.105525,0.0792001,0.0420839,
0.348975,0.254173,0.218934,0.149072,0.1365,0.0641503,0.0723692,0.0108774,
0.334667,0.237364,0.20313,0.129495,0.1203,0.0427421,0.0562365,-0.00911623,
0.329417,0.238527,0.202808,0.140523,0.120269,0.0644551,0.0492347,0.00666037,
0.326619,0.241764,0.208766,0.155659,0.132812,0.091307,0.0668805,0.0326301,
0.324031,0.236549,0.215074,0.160378,0.145001,0.103976,0.0825305,0.0498081,
0.32023,0.230534,0.218054,0.159744,0.154065,0.108043,0.0956919,0.0603633,
0.31308,0.223391,0.214703,0.153509,0.154388,0.101979,0.0990254,0.0599481,
0.300585,0.211131,0.398565,0.322822,0.766357,0.610106,-nan,-nan,
0.28884,0.203464,0.206278,0.151115,0.152834,0.0820899,0.0649181,-nan,
0.275814,0.183275,0.193985,0.12148,0.132886,0.0239893,-nan,-nan,
0.260066,0.163658,0.178975,0.109817,0.128998,0.0399395,0.0425213,-nan,
0.243917,0.14766,0.163983,0.0856923,-nan,-nan,-nan,-nan,
0.231956,0.137707,0.146812,0.0718679,0.124169,-nan,-nan,-nan,
0.219317,0.120186,0.1272,0.048794,0.0572006,-nan,-nan,-nan,
0.20446,0.103985,0.109447,0.0351146,0.0391983,-nan,-nan,-nan,
0.192235,0.0949424,0.106914,0.0360978,0.0524412,-nan,-nan,-nan,
0.179816,0.0791104,0.11396,0.00863657,-nan,-nan,-nan,-nan,
0.165932,0.0706518,0.0770435,0.0122278,0.0162917,-nan,-nan,-nan,
0.153438,0.0478014,0.0873186,0.00156959,-nan,-nan,-nan,-nan,
0.138468,0.0405429,0.0504647,-0.0198885,-0.0227553,-nan,-nan,-nan,
0.128503,0.0163085,0.0424711,-0.0268321,-0.0170286,-nan,-nan,-nan,
0.109006,0.00818592,0.0228492,-0.0410111,-0.0356908,-nan,-nan,-nan,
0.102755,-0.0145989,-nan,-nan,-nan,-nan,-nan,-nan,
0.079268,-0.029051,-0.0101458,-nan,-nan,-nan,-nan,-nan,
0.0678258,-0.0450754,-nan,-nan,-nan,-nan,-nan,-nan,
0.0494622,-0.054594,-0.0397525,-nan,-nan,-nan,-nan,-nan,
0.0323924,-0.0674379,-0.0565591,-nan,-nan,-nan,-nan,-nan,
0.0188975,-0.0837142,-0.063785,-nan,-nan,-nan,-nan,-nan,
0.0049953,-0.100157,-0.0803657,-nan,-nan,-nan,-nan,-nan,
-0.0111127,-0.112898,-0.0811467,-nan,-nan,-nan,-nan,-nan,
-0.0224789,-0.12805,-0.0830276,-nan,-nan,-nan,-nan,-nan,
-0.0392116,-0.143242,-0.111491,-nan,-nan,-nan,-nan,-nan,
-0.0455854,-0.157869,-0.114893,-nan,-nan,-nan,-nan,-nan,
-0.0675716,-0.174725,-0.129706,-nan,-nan,-nan,-nan,-nan,
-0.0932425,-0.194202,-0.175573,-nan,-nan,-nan,-nan,-nan,
-0.106104,-0.209953,-0.185969,-nan,-nan,-nan,-nan,-nan,
-0.128318,-0.226623,-0.207537,-nan,-nan,-nan,-nan,-nan,
-0.150057,-0.242058,-0.239237,-nan,-nan,-nan,-nan,-nan,
-0.169756,-0.259811,-0.244023,-nan,-nan,-nan,-nan,-nan,
-0.185735,-0.273174,-0.273807,-nan,-nan,-nan,-nan,-nan,
-0.200179,-0.284774,-0.267808,-nan,-nan,-nan,-nan,-nan,
-0.215984,-0.298241,-0.287054,-nan,-nan,-nan,-nan,-nan,
-0.232942,-0.31502,-0.303103,-nan,-nan,-nan,-nan,-nan,
-0.254336,-0.333129,-0.326533,-nan,-nan,-nan,-nan,-nan,
-0.269792,-0.342208,-0.336083,-nan,-nan,-nan,-nan,-nan,
-0.287439,-0.3608,-0.372385,-nan,-nan,-nan,-nan,-nan,
-0.301702,-0.369731,-0.37156,-nan,-nan,-nan,-nan,-nan,
-0.321076,-0.387612,-0.390832,-nan,-nan,-nan,-nan,-nan,
-0.334154,-0.395353,-0.423963,-nan,-nan,-nan,-nan,-nan,
-0.353669,-0.412372,-0.417369,-nan,-nan,-nan,-nan,-nan,
-0.368298,-0.422872,-0.432189,-nan,-nan,-nan,-nan,-nan,
-0.387112,-0.438729,-0.478261,-nan,-nan,-nan,-nan,-nan,
-0.409037,-0.456468,-0.512053,-nan,-nan,-nan,-nan,-nan,
-0.425376,-0.46863,-0.515655,-nan,-nan,-nan,-nan,-nan,
-0.439649,-0.479932,-0.522526,-nan,-nan,-nan,-nan,-nan,
-0.459966,-0.496058,-0.541594,-nan,-nan,-nan,-nan,-nan,
-0.479344,-0.510735,-0.554318,-nan,-nan,-nan,-nan,-nan,
-0.497845,-0.524482,-0.586214,-nan,-nan,-nan,-nan,-nan,
-0.516651,-0.538969,-nan,-nan,-nan,-nan,-nan,-nan,
-0.528342,-0.549997,-0.582964,-nan,-nan,-nan,-nan,-nan,
-0.543064,-0.558973,-0.608039,-nan,-nan,-nan,-nan,-nan,
-0.559252,-0.570179,-0.638598,-nan,-nan,-nan,-nan,-nan,
-0.577041,-0.582552,-0.635048,-nan,-nan,-nan,-nan,-nan,
-0.593756,-0.593731,-0.657035,-nan,-nan,-nan,-nan,-nan,
-0.608761,-0.603382,-0.693151,-nan,-nan,-nan,-nan,-nan,
-0.631523,-0.616496,-0.699527,-nan,-nan,-nan,-nan,-nan,
-0.649812,-0.630181,-0.741544,-nan,-nan,-nan,-nan,-nan,
-0.667019,-0.646382,-nan,-nan,-nan,-nan,-nan,-nan,
-0.684812,-0.655955,-0.791702,-nan,-nan,-nan,-nan,-nan,
-0.700002,-0.667831,-nan,-nan,-nan,-nan,-nan,-nan,
-0.719053,-0.679753,-0.833047,-nan,-nan,-nan,-nan,-nan,
-0.73466,-0.689706,-nan,-nan,-nan,-nan,-nan,-nan,
-0.754987,-0.700324,-0.837252,-nan,-nan,-nan,-nan,-nan,
-0.776104,-0.709997,-0.813302,-nan,-nan,-nan,-nan,-nan,
-0.802775,-0.718879,-0.911655,-nan,-nan,-nan,-nan,-nan,
-0.812131,-0.727608,-0.915984,-nan,-nan,-nan,-nan,-nan,
-0.831143,-0.741423,-0.870866,-nan,-nan,-nan,-nan,-nan,
-0.845719,-0.748258,-0.901616,-nan,-nan,-nan,-nan,-nan,
-0.86406,-0.759975,-0.966788,-nan,-nan,-nan,-nan,-nan,
-0.881198,-0.766765,-0.932926,-nan,-nan,-nan,-nan,-nan,
-0.895538,-0.770992,-0.98884,-nan,-nan,-nan,-nan,-nan,
-0.918302,-0.774228,-0.946251,-nan,-nan,-nan,-nan,-nan,
-0.929277,-0.777469,-0.978436,-nan,-nan,-nan,-nan,-nan,
-0.942705,-0.784318,-1.02619,-nan,-nan,-nan,-nan,-nan,
-0.968182,-0.792142,-1.00607,-nan,-nan,-nan,-nan,-nan,
-0.990939,-0.795212,-1.0778,-nan,-nan,-nan,-nan,-nan,
-1.02494,-0.800072,-1.16401,-nan,-nan,-nan,-nan,-nan,
-1.01772,-0.79618,-1.11417,-nan,-nan,-nan,-nan,-nan,
-1.02251,-0.798574,-1.14256,-nan,-nan,-nan,-nan,-nan,
-1.0777,-0.805263,-1.23285,-nan,-nan,-nan,-nan,-nan,
-1.07169,-0.801124,-1.18772,-nan,-nan,-nan,-nan,-nan,
-1.11264,-0.804476,-1.19194,-nan,-nan,-nan,-nan,-nan,
-1.11129,-0.794145,-1.16957,-nan,-nan,-nan,-nan,-nan,
-1.15325,-0.796974,-1.32597,-nan,-nan,-nan,-nan,-nan,
-1.14535,-0.785619,-1.14644,-nan,-nan,-nan,-nan,-nan,
-1.17963,-0.785154,-1.28773,-nan,-nan,-nan,-nan,-nan,
-1.20149,-0.781107,-1.17032,-nan,-nan,-nan,-nan,-nan,
-1.24054,-0.782077,-1.3251,-nan,-nan,-nan,-nan,-nan,
-1.30449,-0.778874,-1.25317,-nan,-nan,-nan,-nan,-nan,
-1.29747,-0.745336,-1.22784,-nan,-nan,-nan,-nan,-nan,
-1.34587,-0.739238,-1.15947,-nan,-nan,-nan,-nan,-nan,
-1.33425,-0.698833,-1.02171,-nan,-nan,-nan,-nan,-nan,
-1.35364,-0.676538,-1.06494,-nan,-nan,-nan,-nan,-nan,
-1.31649,-0.614303,-0.865746,-nan,-nan,-nan,-nan,-nan,
-1.36685,-0.593947,-0.856759,-nan,-nan,-nan,-nan,-nan,
-1.36728,-0.528357,-0.746849,-nan,-nan,-nan,-nan,-nan,
-1.34387,-0.457113,-0.633266,-nan,-nan,-nan,-nan,-nan,
-1.40337,-0.428555,-0.630021,-nan,-nan,-nan,-nan,-nan,
-1.37539,-0.316789,-0.461551,-nan,-nan,-nan,-nan,-nan,
-1.34336,-0.221116,-0.30696,-nan,-nan,-nan,-nan,-nan,
-1.29898,-0.125967,-0.167441,-nan,-nan,-nan,-nan,-nan,
-1.3142,-0.0837271,-0.117818,-nan,-nan,-nan,-nan,-nan,
-1.30822,-0.0461704,-0.0649115,-nan,-nan,-nan,-nan,-nan,
-1.2721,0.0050446,0.0061203,-nan,-nan,-nan,-nan,-nan,
-1.27099,0.0282972,0.056424,-nan,-nan,-nan,-nan,-nan,
-1.28469,0.0331579,0.0492766,-nan,-nan,-nan,-nan,-nan,
-1.2587,0.0644508,0.0822532,-nan,-nan,-nan,-nan,-nan,
-1.22622,0.0995502,0.138387,-nan,-nan,-nan,-nan,-nan,
-1.20082,0.128604,0.16554,-nan,-nan,-nan,-nan,-nan,
-1.21246,0.124411,0.169027,-nan,-nan,-nan,-nan,-nan,
-1.18071,0.151004,0.187898,-nan,-nan,-nan,-nan,-nan,
-1.17057,0.162655,0.206554,-nan,-nan,-nan,-nan,-nan,
-1.16044,0.174206,0.218105,-nan,-nan,-nan,-nan,-nan,
-1.15418,0.182751,0.245058,-nan,-nan,-nan,-nan,-nan,
-1.12691,0.207521,-nan,-nan,-nan,-nan,-nan,-nan,
-1.12779,0.226934,-nan,-nan,-nan,-nan,-nan,-nan,
-1.1067,0.234053,-nan,-nan,-nan,-nan,-nan,-nan,
-1.0913,0.273238,-nan,-nan,-nan,-nan,-nan,-nan,
-1.07832,0.255828,0.1875,-nan,-nan,-nan,-nan,-nan,
-1.05526,0.276162,0.266237,-nan,-nan,-nan,-nan,-nan,
-1.04342,0.286203,0.326399,-nan,-nan,-nan,-nan,-nan,
-1.03078,0.290656,0.232995,-nan,-nan,-nan,-nan,-nan,
-1.02563,0.308089,-nan,-nan,-nan,-nan,-nan,-nan,
-1.02339,0.307175,-nan,-nan,-nan,-nan,-nan,-nan,
-1.01308,0.292159,0.336202,-nan,-nan,-nan,-nan,-nan,
-1.00356,0.296385,0.379141,-nan,-nan,-nan,-nan,-nan,
-0.988218,0.30282,-nan,-nan,-nan,-nan,-nan,-nan,
-0.990563,0.299107,0.279202,-nan,-nan,-nan,-nan,-nan,
-0.976904,0.294105,0.423834,-nan,-nan,-nan,-nan,-nan,
-0.98401,0.303989,-nan,-nan,-nan,-nan,-nan,-nan,
-0.963768,0.297223,0.424028,-nan,-nan,-nan,-nan,-nan,
-0.956326,0.30713,0.368509,-nan,-nan,-nan,-nan,-nan,
-0.946853,0.315072,0.45569,-nan,-nan,-nan,-nan,-nan,
-0.950179,0.31081,-nan,-nan,-nan,-nan,-nan,-nan,
-0.945468,0.297678,0.443219,-nan,-nan,-nan,-nan,-nan,
-0.959164,0.285582,0.388894,-nan,-nan,-nan,-nan,-nan,
-0.960634,0.277995,0.435739,-nan,-nan,-nan,-nan,-nan,
-0.934908,0.294131,0.527457,-nan,-nan,-nan,-nan,-nan,
-0.923388,0.302734,0.496546,-nan,-nan,-nan,-nan,-nan,
-0.934268,0.297808,0.568489,-nan,-nan,-nan,-nan,-nan,
-0.941902,0.280544,0.482241,-nan,-nan,-nan,-nan,-nan,
-0.933523,0.28596,0.576952,-nan,-nan,-nan,-nan,-nan,
-0.919999,0.295684,0.543772,-nan,-nan,-nan,-nan,-nan,
-0.907204,0.303189,0.720668,-nan,-nan,-nan,-nan,-nan,
-0.892259,0.313622,0.731823,-nan,-nan,-nan,-nan,-nan,
-0.893178,0.313444,0.770768,-nan,-nan,-nan,-nan,-nan,
-0.873161,0.323136,1.04219,-nan,-nan,-nan,-nan,-nan,
-0.876233,0.3189,0.997097,-nan,-nan,-nan,-nan,-nan,
-0.873142,0.317007,1.00934,-nan,-nan,-nan,-nan,-nan,
-0.877964,0.308675,0.982661,-nan,-nan,-nan,-nan,-nan,
-0.842825,0.340102,1.07177,-nan,-nan,-nan,-nan,-nan,
-0.858472,0.327368,1.0215,-nan,-nan,-nan,-nan,-nan,
-0.828087,0.351584,1.08933,-nan,-nan,-nan,-nan,-nan,
-0.825916,0.353568,1.09034,-nan,-nan,-nan,-nan,-nan,
-0.826714,0.347339,1.06717,-nan,-nan,-nan,-nan,-nan,
-0.818107,0.351716,1.07561,-nan,-nan,-nan,-nan,-nan,
-0.785233,0.383513,1.17865,-nan,-nan,-nan,-nan,-nan,
-0.758087,0.408466,1.27993,-nan,-nan,-nan,-nan,-nan,
-0.732479,0.429805,1.38917,-nan,-nan,-nan,-nan,-nan,
-0.710232,0.446626,1.50322,-nan,-nan,-nan,-nan,-nan,
-0.70874,0.442687,1.46748,-nan,-nan,-nan,-nan,-nan,
-0.689376,0.45993,1.60553,-nan,-nan,-nan,-nan,-nan,
-0.679004,0.467358,1.6822,-nan,-nan,-nan,-nan,-nan,
-0.657664,0.487113,2.05403,-nan,-nan,-nan,-nan,-nan,
-0.632786,0.507223,-nan,-nan,-nan,-nan,-nan,-nan,
-0.619044,0.517697,-nan,-nan,-nan,-nan,-nan,-nan,
-0.613472,0.521107,-nan,-nan,-nan,-nan,-nan,-nan,
-0.622911,0.506791,-nan,-nan,-nan,-nan,-nan,-nan,
-0.616369,0.519178,-nan,-nan,-nan,-nan,-nan,-nan,
-0.611036,0.517517,-nan,-nan,-nan,-nan,-nan,-nan,
-0.609855,0.511407,-nan,-nan,-nan,-nan,-nan,-nan,
-0.603582,0.52265,-nan,-nan,-nan,-nan,-nan,-nan,
-0.595952,0.529475,-nan,-nan,-nan,-nan,-nan,-nan,
-0.587587,0.531543,-nan,-nan,-nan,-nan,-nan,-nan,
-0.581636,0.527386,-nan,-nan,-nan,-nan,-nan,-nan,
-0.575242,0.53341,-nan,-nan,-nan,-nan,-nan,-nan,
-0.565569,0.537677,-nan,-nan,-nan,-nan,-nan,-nan,
-0.559129,0.538368,-nan,-nan,-nan,-nan,-nan,-nan,
-0.551797,0.550892,-nan,-nan,-nan,-nan,-nan,-nan,
-0.53608,0.555141,-nan,-nan,-nan,-nan,-nan,-nan,
-0.524801,0.566318,-nan,-nan,-nan,-nan,-nan,-nan,
-0.515959,0.576502,-nan,-nan,-nan,-nan,-nan,-nan,
-0.497673,0.582006,-nan,-nan,-nan,-nan,-nan,-nan,
-0.485686,0.582201,-nan,-nan,-nan,-nan,-nan,-nan,
-0.473706,0.589595,-nan,-nan,-nan,-nan,-nan,-nan,
-0.465371,0.605358,-nan,-nan,-nan,-nan,-nan,-nan,
-0.450191,0.614728,-nan,-nan,-nan,-nan,-nan,-nan,
-0.430097,0.613612,-nan,-nan,-nan,-nan,-nan,-nan,
-0.42011,0.623678,-nan,-nan,-nan,-nan,-nan,-nan,
-0.404034,0.625482,-nan,-nan,-nan,-nan,-nan,-nan,
-0.390555,0.639909,-nan,-nan,-nan,-nan,-nan,-nan,
-0.371316,0.64479,-nan,-nan,-nan,-nan,-nan,-nan,
-0.354144,0.652204,-nan,-nan,-nan,-nan,-nan,-nan,
-0.341411,0.659544,-nan,-nan,-nan,-nan,-nan,-nan,
-0.32943,0.671966,-nan,-nan,-nan,-nan,-nan,-nan,
-0.312116,0.672297,-nan,-nan,-nan,-nan,-nan,-nan,
-0.300297,0.674268,-nan,-nan,-nan,-nan,-nan,-nan,
-0.287578,0.682707,-nan,-nan,-nan,-nan,-nan,-nan,
-0.271989,0.691503,-nan,-nan,-nan,-nan,-nan,-nan,
-0.260884,0.696663,-nan,-nan,-nan,-nan,-nan,-nan,
-0.237262,0.706941,-nan,-nan,-nan,-nan,-nan,-nan,
-0.214553,0.71843,-nan,-nan,-nan,-nan,-nan,-nan,
-0.198995,0.725505,-nan,-nan,-nan,-nan,-nan,-nan,
-0.176408,0.734511,-nan,-nan,-nan,-nan,-nan,-nan,
-0.156357,0.741028,-nan,-nan,-nan,-nan,-nan,-nan,
-0.140367,0.74632,-nan,-nan,-nan,-nan,-nan,-nan,
-0.124754,0.752156,-nan,-nan,-nan,-nan,-nan,-nan,
-0.10869,0.758133,-nan,-nan,-nan,-nan,-nan,-nan,
-0.0895722,0.765999,-nan,-nan,-nan,-nan,-nan,-nan,
-0.0714837,0.774412,-nan,-nan,-nan,-nan,-nan,-nan,
-0.0572924,0.779692,-nan,-nan,-nan,-nan,-nan,-nan,
-0.0453763,0.783429,-nan,-nan,-nan,-nan,-nan,-nan,
-0.0360271,0.786297,-nan,-nan,-nan,-nan,-nan,-nan,
-0.0249119,0.789076,-nan,-nan,-nan,-nan,-nan,-nan,
-0.00718255,0.798062,-nan,-nan,-nan,-nan,-nan,-nan,
0.00784802,0.805016,-nan,-nan,-nan,-nan,-nan,-nan,
0.0234805,0.812937,-nan,-nan,-nan,-nan,-nan,-nan,
0.0410694,0.822184,-nan,-nan,-nan,-nan,-nan,-nan,
0.0579557,0.830033,-nan,-nan,-nan,-nan,-nan,-nan,
0.0772547,0.838481,-nan,-nan,-nan,-nan,-nan,-nan,
0.0996211,0.84838,-nan,-nan,-nan,-nan,-nan,-nan,
0.119721,0.856769,-nan,-nan,-nan,-nan,-nan,-nan,
0.137583,0.863495,-nan,-nan,-nan,-nan,-nan,-nan,
0.156369,0.870062,-nan,-nan,-nan,-nan,-nan,-nan,
0.176914,0.877554,-nan,-nan,-nan,-nan,-nan,-nan,
0.197093,0.884988,-nan,-nan,-nan,-nan,-nan,-nan,
0.213628,0.887453,-nan,-nan,-nan,-nan,-nan,-nan,
0.231804,0.888603,-nan,-nan,-nan,-nan,-nan,-nan,
0.250429,0.892922,-nan,-nan,-nan,-nan,-nan,-nan,
0.270787,0.899594,-nan,-nan,-nan,-nan,-nan,-nan,
0.289022,0.903259,-nan,-nan,-nan,-nan,-nan,-nan,
0.307336,0.904812,-nan,-nan,-nan,-nan,-nan,-nan,
0.322241,0.907806,-nan,-nan,-nan,-nan,-nan,-nan,
0.340136,0.905148,-nan,-nan,-nan,-nan,-nan,-nan,
0.36004,0.911237,-nan,-nan,-nan,-nan,-nan,-nan,
0.379414,0.915623,-nan,-nan,-nan,-nan,-nan,-nan,
0.396336,0.918493,-nan,-nan,-nan,-nan,-nan,-nan,
0.409873,0.919341,-nan,-nan,-nan,-nan,-nan,-nan,
0.421481,0.911804,-nan,-nan,-nan,-nan,-nan,-nan,
0.440333,0.901458,-nan,-nan,-nan,-nan,-nan,-nan,
0.456753,0.903318,-nan,-nan,-nan,-nan,-nan,-nan,
0.475942,0.891307,-nan,-nan,-nan,-nan,-nan,-nan,
0.495634,0.894221,-nan,-nan,-nan,-nan,-nan,-nan,
0.516621,0.88762,-nan,-nan,-nan,-nan,-nan,-nan,
0.536426,0.888356,-nan,-nan,-nan,-nan,-nan,-nan,
0.547806,0.866753,-nan,-nan,-nan,-nan,-nan,-nan,
0.563958,0.855977,-nan,-nan,-nan,-nan,-nan,-nan,
0.584281,0.862328,-nan,-nan,-nan,-nan,-nan,-nan,
0.604137,0.862514,-nan,-nan,-nan,-nan,-nan,-nan,
0.613778,0.858787,-nan,-nan,-nan,-nan,-nan,-nan,
0.627402,0.864301,-nan,-nan,-nan,-nan,-nan,-nan,
0.648701,0.866259,-nan,-nan,-nan,-nan,-nan,-nan,
0.663438,0.86191,-nan,-nan,-nan,-nan,-nan,-nan,
0.671792,0.860473,-nan,-nan,-nan,-nan,-nan,-nan,
0.686584,0.873972,-nan,-nan,-nan,-nan,-nan,-nan,
0.705724,0.878545,-nan,-nan,-nan,-nan,-nan,-nan,
0.721484,0.880361,-nan,-nan,-nan,-nan,-nan,-nan,
0.730839,0.887892,-nan,-nan,-nan,-nan,-nan,-nan,
0.751322,0.897065,-nan,-nan,-nan,-nan,-nan,-nan,
0.770383,0.898522,-nan,-nan,-nan,-nan,-nan,-nan,
0.783078,0.90596,-nan,-nan,-nan,-nan,-nan,-nan,
0.79811,0.910173,-nan,-nan,-nan,-nan,-nan,-nan,
0.807305,0.912983,-nan,-nan,-nan,-nan,-nan,-nan,
0.817355,0.918926,-nan,-nan,-nan,-nan,-nan,-nan,
0.832645,0.916629,1.09678,-nan,-nan,-nan,-nan,-nan,
0.846932,0.91242,0.83827,-nan,-nan,-nan,-nan,-nan,
0.861639,0.908542,1.21639,-nan,-nan,-nan,-nan,-nan,
0.872052,0.908321,1.15213,-nan,-nan,-nan,-nan,-nan,
0.878908,0.904902,0.848345,-nan,-nan,-nan,-nan,-nan,
0.887614,0.907319,1.13309,-nan,-nan,-nan,-nan,-nan,
0.89598,0.910428,1.12266,-nan,-nan,-nan,-nan,-nan,
0.910007,0.911368,0.877695,-nan,-nan,-nan,-nan,-nan,
0.922378,0.910859,0.895666,-nan,-nan,-nan,-nan,-nan,
0.931427,0.906516,1.11964,-nan,-nan,-nan,-nan,-nan,
0.944441,0.905602,1.92103,-nan,-nan,-nan,-nan,-nan,
0.948418,0.901516,0.75882,-nan,-nan,-nan,-nan,-nan,
0.954043,0.903053,0.802166,-nan,-nan,-nan,-nan,-nan,
0.97723,0.905833,1.11334,-nan,-nan,-nan,-nan,-nan,
0.976871,0.896329,1.25949,-nan,-nan,-nan,-nan,-nan,
0.975393,0.897587,0.776362,-nan,-nan,-nan,-nan,-nan,
0.984086,0.897024,0.887502,-nan,-nan,-nan,-nan,-nan,
0.989782,0.898812,0.7277,-nan,-nan,-nan,-nan,-nan,
0.996922,0.900471,1.00008,-nan,-nan,-nan,-nan,-nan,
1.00463,0.902364,1.11628,-nan,-nan,-nan,-nan,-nan,
1.00192,0.901875,0.880412,-nan,-nan,-nan,-nan,-nan,
1.01892,0.904247,0.877308,-nan,-nan,-nan,-nan,-nan,
1.00423,0.892626,0.744396,-nan,-nan,-nan,-nan,-nan,
0.989283,0.887923,0.54779,-nan,-nan,-nan,-nan,-nan,
1.01293,0.893003,0.916534,-nan,-nan,-nan,-nan,-nan,
0.994968,0.878384,0.596655,-nan,-nan,-nan,-nan,-nan,
0.994298,0.876876,0.812014,-nan,-nan,-nan,-nan,-nan,
0.983858,0.873319,0.631807,-nan,-nan,-nan,-nan,-nan,
1.00323,0.878215,0.850863,-nan,-nan,-nan,-nan,-nan,
0.989371,0.86554,0.568605,-nan,-nan,-nan,-nan,-nan,
0.981607,0.862463,0.559592,-nan,-nan,-nan,-nan,-nan,
1.00228,0.869043,0.736201,-nan,-nan,-nan,-nan,-nan,
0.993564,0.862668,0.705113,-nan,-nan,-nan,-nan,-nan,
1.01211,0.868336,0.654045,-nan,-nan,-nan,-nan,-nan,
1.0208,0.864239,0.75504,-nan,-nan,-nan,-nan,-nan,
0.992443,0.843381,0.773005,-nan,-nan,-nan,-nan,-nan,
0.978987,0.832723,0.642793,-nan,-nan,-nan,-nan,-nan,
0.99605,0.833864,0.625154,-nan,-nan,-nan,-nan,-nan,
1.00342,0.812609,0.700294,-nan,-nan,-nan,-nan,-nan,
1.02941,0.806949,0.917196,-nan,-nan,-nan,-nan,-nan,
1.01849,0.776036,0.799077,-nan,-nan,-nan,-nan,-nan,
1.00798,0.755603,0.674618,-nan,-nan,-nan,-nan,-nan,
0.994824,0.719874,0.764463,-nan,-nan,-nan,-nan,-nan,
1.00598,0.682389,0.775336,-nan,-nan,-nan,-nan,-nan,
0.986463,0.601484,0.557695,-nan,-nan,-nan,-nan,-nan,
0.997455,0.545307,-nan,-nan,-nan,-nan,-nan,-nan,
1.01651,0.509574,0.553073,-nan,-nan,-nan,-nan,-nan,
1.02169,0.459106,0.529936,-nan,-nan,-nan,-nan,-nan,
0.982877,0.39062,0.600331,-nan,-nan,-nan,-nan,-nan,
0.961493,0.319457,0.477767,-nan,-nan,-nan,-nan,-nan,
0.940242,0.27284,0.361774,-nan,-nan,-nan,-nan,-nan,
0.927768,0.224124,0.212654,-nan,-nan,-nan,-nan,-nan,
0.904569,0.176712,0.102454,-nan,-nan,-nan,-nan,-nan,
0.891379,0.145291,0.112664,-nan,-nan,-nan,-nan,-nan,
0.882799,0.0994588,0.159959,-nan,-nan,-nan,-nan,-nan,
0.860399,0.0766289,0.126545,-nan,-nan,-nan,-nan,-nan,
0.85398,0.0415716,0.0266035,-nan,-nan,-nan,-nan,-nan,
0.828107,0.0436758,-0.0423304,-nan,-nan,-nan,-nan,-nan,
0.820769,0.0120552,-0.0320367,-nan,-nan,-nan,-nan,-nan,
0.810496,0.00563961,-0.0635007,-nan,-nan,-nan,-nan,-nan,
0.800107,-0.0217671,-0.0425538,-nan,-nan,-nan,-nan,-nan,
0.801104,-0.0512365,0.0130651,-nan,-nan,-nan,-nan,-nan,
0.785859,-0.0413421,-0.160041,-nan,-nan,-nan,-nan,-nan,
0.78471,-0.0531019,-0.02979,-nan,-nan,-nan,-nan,-nan,
0.773691,-0.0655289,0.00941109,-nan,-nan,-nan,-nan,-nan,
0.774389,-0.0758739,-0.0585791,-nan,-nan,-nan,-nan,-nan,
0.761371,-0.0706017,-0.0576934,-nan,-nan,-nan,-nan,-nan,
0.750764,-0.101963,-0.0864827,-nan,-nan,-nan,-nan,-nan,
0.734719,-0.106329,-0.112866,-nan,-nan,-nan,-nan,-nan,
0.709697,-0.126225,-0.113562,-nan,-nan,-nan,-nan,-nan,
0.702954,-0.135166,-0.247761,-nan,-nan,-nan,-nan,-nan,
0.672121,-0.156604,-0.174232,-nan,-nan,-nan,-nan,-nan,
0.665662,-0.180492,-0.191522,-nan,-nan,-nan,-nan,-nan,
0.665046,-0.177859,-0.304435,-nan,-nan,-nan,-nan,-nan,
0.654387,-0.174682,-0.12403,-nan,-nan,-nan,-nan,-nan,
0.644598,-0.17575,-0.226889,-nan,-nan,-nan,-nan,-nan,
0.631307,-0.181994,-0.170487,-nan,-nan,-nan,-nan,-nan,
0.616513,-0.18804,-nan,-nan,-nan,-nan,-nan,-nan,
0.603097,-0.184034,-0.214144,-nan,-nan,-nan,-nan,-nan,
0.591762,-0.197438,-0.228272,-nan,-nan,-nan,-nan,-nan,
0.585402,-0.214951,-0.31959,-nan,-nan,-nan,-nan,-nan,
0.578657,-0.210673,-0.174852,-nan,-nan,-nan,-nan,-nan,
0.565902,-0.197547,-nan,-nan,-nan,-nan,-nan,-nan,
0.546299,-0.208487,-0.376084,-nan,-nan,-nan,-nan,-nan,
0.520936,-0.231387,-0.337724,-nan,-nan,-nan,-nan,-nan,
0.489295,-0.305115,-0.421614,-nan,-nan,-nan,-nan,-nan,
0.484946,-0.272978,-nan,-nan,-nan,-nan,-nan,-nan,
0.45738,-0.346786,-0.545766,-nan,-nan,-nan,-nan,-nan,
0.446841,-0.360682,-0.623767,-nan,-nan,-nan,-nan,-nan,
0.437351,-0.365019,-0.538867,-nan,-nan,-nan,-nan,-nan,
0.418665,-0.365408,-0.695629,-nan,-nan,-nan,-nan,-nan,
0.390902,-0.371365,-0.847472,-nan,-nan,-nan,-nan,-nan,
0.360833,-0.401404,-1.31918,-nan,-nan,-nan,-nan,-nan,
0.341487,-0.402921,-1.07992,-nan,-nan,-nan,-nan,-nan,
0.32311,-0.447067,-1.55914,-nan,-nan,-nan,-nan,-nan,
0.316858,-0.471236,-1.69353,-nan,-nan,-nan,-nan,-nan,
0.312461,-0.428031,-nan,-nan,-nan,-nan,-nan,-nan,
0.296998,-0.449941,-1.4736,-nan,-nan,-nan,-nan,-nan,
0.286893,-0.477055,-1.78675,-nan,-nan,-nan,-nan,-nan,
0.280533,-0.493465,-2.20378,-nan,-nan,-nan,-nan,-nan,
0.2744,-0.499447,-3.15395,-nan,-nan,-nan,-nan,-nan,
0.265058,-0.479894,-1.84021,-nan,-nan,-nan,-nan,-nan,
0.251589,-0.539421,-nan,-nan,-nan,-nan,-nan,-nan,
0.241525,-0.497956,-3.01989,-nan,-nan,-nan,-nan,-nan,
0.225764,-0.505364,-nan,-nan,-nan,-nan,-nan,-nan,
0.211254,-0.524012,-nan,-nan,-nan,-nan,-nan,-nan,
0.198437,-0.553344,-nan,-nan,-nan,-nan,-nan,-nan,
0.187616,-0.568618,-nan,-nan,-nan,-nan,-nan,-nan,
0.174348,-0.586305,-nan,-nan,-nan,-nan,-nan,-nan,
0.165166,-0.549775,-nan,-nan,-nan,-nan,-nan,-nan,
0.144568,-0.598536,-nan,-nan,-nan,-nan,-nan,-nan,
0.128171,-0.60948,-nan,-nan,-nan,-nan,-nan,-nan,
0.115183,-0.62713,-nan,-nan,-nan,-nan,-nan,-nan,
0.102064,-0.611613,-nan,-nan,-nan,-nan,-nan,-nan,
0.0851405,-0.633631,-nan,-nan,-nan,-nan,-nan,-nan,
0.071564,-0.662218,-nan,-nan,-nan,-nan,-nan,-nan,
0.059772,-0.637565,-nan,-nan,-nan,-nan,-nan,-nan,
0.0397765,-0.688288,-nan,-nan,-nan,-nan,-nan,-nan,
0.0259031,-0.682048,-nan,-nan,-nan,-nan,-nan,-nan,
0.010256,-0.71801,-nan,-nan,-nan,-nan,-nan,-nan,
-0.00372088,-0.699318,-nan,-nan,-nan,-nan,-nan,-nan,
-0.0210019,-0.705613,-nan,-nan,-nan,-nan,-nan,-nan,
-0.0362537,-0.715859,-nan,-nan,-nan,-nan,-nan,-nan,
-0.0474551,-0.712613,-nan,-nan,-nan,-nan,-nan,-nan,
-0.0579785,-0.720599,-nan,-nan,-nan,-nan,-nan,-nan,
-0.0695536,-0.718048,-nan,-nan,-nan,-nan,-nan,-nan,
-0.0849527,-0.712731,-nan,-nan,-nan,-nan,-nan,-nan,
-0.0979915,-0.746843,-nan,-nan,-nan,-nan,-nan,-nan,
-0.112088,-0.763549,-nan,-nan,-nan,-nan,-nan,-nan,
-0.134375,-0.746096,-nan,-nan,-nan,-nan,-nan,-nan,
-0.157716,-0.773362,-nan,-nan,-nan,-nan,-nan,-nan,
-0.178664,-0.780508,-nan,-nan,-nan,-nan,-nan,-nan,
-0.199672,-0.797378,-1.37525,-nan,-nan,-nan,-nan,-nan,
-0.219534,-0.804166,-1.27114,-nan,-nan,-nan,-nan,-nan,
-0.241582,-0.802144,-nan,-nan,-nan,-nan,-nan,-nan,
-0.263071,-0.802309,-nan,-nan,-nan,-nan,-nan,-nan,
-0.277117,-0.779147,-nan,-nan,-nan,-nan,-nan,-nan,
-0.296793,-0.774195,-nan,-nan,-nan,-nan,-nan,-nan,
-0.31405,-0.756896,-nan,-nan,-nan,-nan,-nan,-nan,
-0.319878,-0.681947,-1.32659,-nan,-nan,-nan,-nan,-nan,
-0.353153,-0.704999,-1.012,-nan,-nan,-nan,-nan,-nan,
-0.375847,-0.705786,-1.01653,-nan,-nan,-nan,-nan,-nan,
-0.398877,-0.705815,-0.879895,-nan,-nan,-nan,-nan,-nan,
-0.417261,-0.707433,-1.20949,-nan,-nan,-nan,-nan,-nan,
-0.432229,-0.691783,-2.77052,-nan,-nan,-nan,-nan,-nan,
-0.449139,-0.721073,-0.965157,-nan,-nan,-nan,-nan,-nan,
-0.467749,-0.730323,-0.996277,-nan,-nan,-nan,-nan,-nan,
-0.486777,-0.720481,-1.25549,-nan,-nan,-nan,-nan,-nan,
-0.504226,-0.723638,-2.76176,-nan,-nan,-nan,-nan,-nan,
-0.514029,-0.668074,-1.3774,-nan,-nan,-nan,-nan,-nan,
-0.532222,-0.675011,-0.951059,-nan,-nan,-nan,-nan,-nan,
-0.545424,-0.65268,-1.73411,-nan,-nan,-nan,-nan,-nan,
-0.563285,-0.713433,-0.98991,-nan,-nan,-nan,-nan,-nan,
-0.582426,-0.694404,-0.841607,-nan,-nan,-nan,-nan,-nan,
-0.602949,-0.71489,-0.90826,-nan,-nan,-nan,-nan,-nan,
-0.623398,-0.676819,-1.05833,-nan,-nan,-nan,-nan,-nan,
-0.637476,-0.665469,-1.11543,-nan,-nan,-nan,-nan,-nan,
-0.651937,-0.686089,-1.32738,-nan,-nan,-nan,-nan,-nan,
-0.671524,-0.664789,-0.73365,-nan,-nan,-nan,-nan,-nan,
-0.686975,-0.639925,-1.03908,-nan,-nan,-nan,-nan,-nan,
-0.70254,-0.726041,-1.08593,-nan,-nan,-nan,-nan,-nan,
-0.723876,-0.70288,-1.17233,-nan,-nan,-nan,-nan,-nan,
-0.739785,-0.732199,-0.86136,-nan,-nan,-nan,-nan,-nan,
-0.760168,-0.724758,-0.960566,-nan,-nan,-nan,-nan,-nan,
-0.77808,-0.738975,-1.32989,-nan,-nan,-nan,-nan,-nan,
-0.789567,-0.769266,-0.814306,-nan,-nan,-nan,-nan,-nan,
-0.806162,-0.783107,-1.62133,-nan,-nan,-nan,-nan,-nan,
-0.818324,-0.797449,-1.19705,-nan,-nan,-nan,-nan,-nan,
-0.837644,-0.767133,-nan,-nan,-nan,-nan,-nan,-nan,
-0.842714,-0.82946,-1.30011,-nan,-nan,-nan,-nan,-nan,
-0.864001,-0.835341,-1.03694,-nan,-nan,-nan,-nan,-nan,
-0.878172,-0.843002,-1.04435,-nan,-nan,-nan,-nan,-nan,
-0.90086,-0.86573,-0.869326,-nan,-nan,-nan,-nan,-nan,
-0.918571,-0.880933,-0.903811,-nan,-nan,-nan,-nan,-nan,
-0.929645,-0.904572,-0.727418,-nan,-nan,-nan,-nan,-nan,
-0.94113,-0.928094,-0.50028,-nan,-nan,-nan,-nan,-nan,
-0.971744,-0.907168,-1.12481,-nan,-nan,-nan,-nan,-nan,
-0.973735,-0.907122,-nan,-nan,-nan,-nan,-nan,-nan,
-0.97535,-0.928897,-0.517584,-nan,-nan,-nan,-nan,-nan,
-0.990552,-0.941797,-0.878905,-nan,-nan,-nan,-nan,-nan,
-1.0007,-0.917836,-0.784328,-nan,-nan,-nan,-nan,-nan,
-1.00853,-0.909442,-0.932272,-nan,-nan,-nan,-nan,-nan,
-1.01884,-0.933696,-0.810732,-nan,-nan,-nan,-nan,-nan,
-1.07612,-0.973776,-nan,-nan,-nan,-nan,-nan,-nan,
-1.04137,-0.929349,-0.467421,-nan,-nan,-nan,-nan,-nan,
-1.0446,-0.896055,-0.260413,-nan,-nan,-nan,-nan,-nan,
-1.05056,-0.862486,-0.55983,-nan,-nan,-nan,-nan,-nan,
-1.0459,-0.877523,-0.316125,-nan,-nan,-nan,-nan,-nan,
-1.04693,-0.86835,-0.109793,-nan,-nan,-nan,-nan,-nan,
-1.05264,-0.851223,-0.415329,-nan,-nan,-nan,-nan,-nan,
-1.05944,-0.829828,-0.431584,-nan,-nan,-nan,-nan,-nan,
-1.06407,-0.832885,-0.429474,-nan,-nan,-nan,-nan,-nan,
-1.07853,-0.815377,-0.484666,-nan,-nan,-nan,-nan,-nan,
-1.07217,-0.815126,-0.407644,-nan,-nan,-nan,-nan,-nan,
-1.08764,-0.787735,-0.606164,-nan,-nan,-nan,-nan,-nan,
-1.0843,-0.78183,-0.580491,-nan,-nan,-nan,-nan,-nan,
-1.06911,-0.766605,-0.482185,-nan,-nan,-nan,-nan,-nan,
-1.08307,-0.756992,-0.516008,-nan,-nan,-nan,-nan,-nan,
-1.06946,-0.777253,-0.285377,-nan,-nan,-nan,-nan,-nan,
-1.06053,-0.750463,-0.379156,-nan,-nan,-nan,-nan,-nan,
-1.08753,-0.721858,-0.374578,-nan,-nan,-nan,-nan,-nan,
-1.08217,-0.70141,-0.573832,-nan,-nan,-nan,-nan,-nan,
-1.06915,-0.684291,-0.45044,-nan,-nan,-nan,-nan,-nan,
-1.06381,-0.667233,-0.492475,-nan,-nan,-nan,-nan,-nan,
-1.05244,-0.672073,-0.337281,-nan,-nan,-nan,-nan,-nan,
-1.0773,-0.600267,-0.390577,-nan,-nan,-nan,-nan,-nan,
-1.05927,-0.631465,-0.405947,-nan,-nan,-nan,-nan,-nan,
-1.04394,-0.58975,-0.325942,-nan,-nan,-nan,-nan,-nan,
-1.06137,-0.525097,-0.315384,-nan,-nan,-nan,-nan,-nan,
-1.06082,-0.481257,-0.668968,-nan,-nan,-nan,-nan,-nan,
-1.05214,-0.400388,-0.4022,-nan,-nan,-nan,-nan,-nan,
-1.04711,-0.369389,-0.509215,-nan,-nan,-nan,-nan,-nan,
-1.03753,-0.328967,-0.376771,-nan,-nan,-nan,-nan,-nan,
-1.04776,-0.264204,-0.434439,-nan,-nan,-nan,-nan,-nan,
-1.04424,-0.270418,-0.510372,-nan,-nan,-nan,-nan,-nan,
-1.04659,-0.176755,-0.460478,-nan,-nan,-nan,-nan,-nan,
-1.03541,-0.187875,-0.439996,-nan,-nan,-nan,-nan,-nan,
-1.01724,-0.195506,-0.231592,-nan,-nan,-nan,-nan,-nan,
-1.02668,-0.0862601,-nan,-nan,-nan,-nan,-nan,-nan,
-1.02077,-0.0223945,-0.368552,-nan,-nan,-nan,-nan,-nan,
-1.00509,-0.0706653,-0.354329,-nan,-nan,-nan,-nan,-nan,
-1.01792,0.0362988,-0.513544,-nan,-nan,-nan,-nan,-nan,
-1.02637,-0.0404449,-0.398491,-nan,-nan,-nan,-nan,-nan,
-1.04025,0.0112949,-0.624879,-nan,-nan,-nan,-nan,-nan,
-1.03705,-0.000527249,-0.631184,-nan,-nan,-nan,-nan,-nan,
-1.03814,0.108584,-0.152574,-nan,-nan,-nan,-nan,-nan,
-1.03077,0.049308,-0.31325,-nan,-nan,-nan,-nan,-nan,
-1.02716,0.10688,-0.657578,-nan,-nan,-nan,-nan,-nan,
-1.03676,0.150612,-0.513696,-nan,-nan,-nan,-nan,-nan,
-1.01641,0.060905,-0.117753,-nan,-nan,-nan,-nan,-nan,
-1.00574,0.0912482,-0.140523,-nan,-nan,-nan,-nan,-nan,
-1.00771,0.161716,-0.418418,-nan,-nan,-nan,-nan,-nan,
-1.0043,0.186521,-0.771329,-nan,-nan,-nan,-nan,-nan,
-0.985939,0.0992417,-0.115434,-nan,-nan,-nan,-nan,-nan,
-0.982749,0.264737,-0.0293058,-nan,-nan,-nan,-nan,-nan,
-0.948775,0.109317,0.167189,-nan,-nan,-nan,-nan,-nan,
-0.945379,0.129614,0.024638,-nan,-nan,-nan,-nan,-nan,
-0.925018,0.0717298,0.142137,-nan,-nan,-nan,-nan,-nan,
-0.910345,0.0795973,0.222107,-nan,-nan,-nan,-nan,-nan,
-0.894039,0.151264,0.275814,-nan,-nan,-nan,-nan,-nan,
-0.894563,0.350928,0.166882,-nan,-nan,-nan,-nan,-nan,
-0.89588,0.246552,0.283591,-nan,-nan,-nan,-nan,-nan,
-0.890289,0.310082,0.206989,-nan,-nan,-nan,-nan,-nan,
-0.876874,0.172721,0.36483,-nan,-nan,-nan,-nan,-nan,
-0.867419,0.203812,0.28882,-nan,-nan,-nan,-nan,-nan,
-0.844656,0.132604,0.30332,-nan,-nan,-nan,-nan,-nan,
-0.848039,0.28398,0.372579,-nan,-nan,-nan,-nan,-nan,
-0.849404,0.279433,0.221426,-nan,-nan,-nan,-nan,-nan,
-0.831738,0.163766,0.360291,-nan,-nan,-nan,-nan,-nan,
-0.82676,0.305168,0.469626,-nan,-nan,-nan,-nan,-nan,
-0.809423,0.237815,0.402637,-nan,-nan,-nan,-nan,-nan,
-0.792437,0.246321,0.405079,-nan,-nan,-nan,-nan,-nan,
-0.784313,0.221808,0.426261,-nan,-nan,-nan,-nan,-nan,
-0.78435,0.28177,0.383966,-nan,-nan,-nan,-nan,-nan,
-0.76227,0.234121,0.648469,-nan,-nan,-nan,-nan,-nan,
-0.759847,0.389459,0.440371,-nan,-nan,-nan,-nan,-nan,
-0.744708,0.286712,0.493836,-nan,-nan,-nan,-nan,-nan,
-0.726052,0.379333,0.691119,-nan,-nan,-nan,-nan,-nan,
-0.705873,0.336488,0.694925,-nan,-nan,-nan,-nan,-nan,
-0.678654,0.347324,0.814259,-nan,-nan,-nan,-nan,-nan,
-0.665578,0.427307,0.998578,-nan,-nan,-nan,-nan,-nan,
-0.65819,0.44004,1.0545,-nan,-nan,-nan,-nan,-nan,
-0.655547,0.389529,1.11523,-nan,-nan,-nan,-nan,-nan,
-0.65219,0.376997,1.01981,-nan,-nan,-nan,-nan,-nan,
-0.63871,0.251598,0.993546,-nan,-nan,-nan,-nan,-nan,
-0.632047,0.232827,0.846258,-nan,-nan,-nan,-nan,-nan,
-0.626741,0.153932,0.766328,-nan,-nan,-nan,-nan,-nan,
-0.620089,0.0536665,-nan,-nan,-nan,-nan,-nan,-nan,
-0.611335,-0.214075,-nan,-nan,-nan,-nan,-nan,-nan,
-0.583985,-0.00698707,0.723269,-nan,-nan,-nan,-nan,-nan,
-0.57965,-0.127289,-nan,-nan,-nan,-nan,-nan,-nan,
-0.568614,-0.0473457,0.743975,-nan,-nan,-nan,-nan,-nan,
-0.56333,-0.0751586,-nan,-nan,-nan,-nan,-nan,-nan,
-0.560154,-0.249338,-nan,-nan,-nan,-nan,-nan,-nan,
-0.540089,-0.204596,-nan,-nan,-nan,-nan,-nan,-nan,
-0.508824,0.0536022,0.854305,-nan,-nan,-nan,-nan,-nan,
-0.512959,-0.143624,-nan,-nan,-nan,-nan,-nan,-nan,
-0.488079,0.0658783,-nan,-nan,-nan,-nan,-nan,-nan,
-0.486343,-0.0675216,-nan,-nan,-nan,-nan,-nan,-nan,
-0.474196,-0.0424069,-nan,-nan,-nan,-nan,-nan,-nan,
-0.457853,0.00595459,-nan,-nan,-nan,-nan,-nan,-nan,
-0.44214,0.113823,0.897331,-nan,-nan,-nan,-nan,-nan,
-0.430097,0.181126,0.777588,-nan,-nan,-nan,-nan,-nan,
-0.427941,-0.015906,1.02262,-nan,-nan,-nan,-nan,-nan,
-0.400457,0.110752,0.725268,-nan,-nan,-nan,-nan,-nan,
-0.383907,0.22628,0.749686,-nan,-nan,-nan,-nan,-nan,
-0.370397,0.208677,0.727316,-nan,-nan,-nan,-nan,-nan,
-0.365214,0.0664392,0.713487,-nan,-nan,-nan,-nan,-nan,
-0.360174,-0.0268163,0.775274,-nan,-nan,-nan,-nan,-nan,
-0.334569,0.0480997,0.69796,-nan,-nan,-nan,-nan,-nan,
-0.305662,0.134248,0.670657,-nan,-nan,-nan,-nan,-nan,
-0.306563,0.0392339,0.63858,-nan,-nan,-nan,-nan,-nan,
-0.268956,0.324677,0.776153,-nan,-nan,-nan,-nan,-nan,
-0.264488,0.168512,0.651669,-nan,-nan,-nan,-nan,-nan,
-0.243123,0.299124,0.747334,-nan,-nan,-nan,-nan,-nan,
-0.238823,0.17058,0.662471,-nan,-nan,-nan,-nan,-nan,
-0.220664,0.155911,0.676895,-nan,-nan,-nan,-nan,-nan,
-0.194052,0.344622,0.811969,-nan,-nan,-nan,-nan,-nan,
-0.188068,0.228682,0.702767,-nan,-nan,-nan,-nan,-nan,
-0.160613,0.312879,0.787762,-nan,-nan,-nan,-nan,-nan,
-0.139699,0.37035,0.87193,-nan,-nan,-nan,-nan,-nan,
-0.126984,0.465521,1.20986,-nan,-nan,-nan,-nan,-nan,
-0.125095,0.26448,0.762742,-nan,-nan,-nan,-nan,-nan,
-0.106184,0.208046,0.761749,-nan,-nan,-nan,-nan,-nan,
-0.0783766,0.364323,0.889568,-nan,-nan,-nan,-nan,-nan,
-0.0591921,0.347751,0.87048,-nan,-nan,-nan,-nan,-nan,
-0.0428377,0.350505,0.883321,-nan,-nan,-nan,-nan,-nan,
-0.014408,0.456291,1.17981,-nan,-nan,-nan,-nan,-nan,
-0.00710923,0.435572,1.07988,-nan,-nan,-nan,-nan,-nan,
0.0125709,0.579877,-nan,-nan,-nan,-nan,-nan,-nan,
0.0243981,0.505798,-nan,-nan,-nan,-nan,-nan,-nan,
0.0435454,0.583595,-nan,-nan,-nan,-nan,-nan,-nan,
0.0534085,0.536273,-nan,-nan,-nan,-nan,-nan,-nan,
0.0676492,0.616948,-nan,-nan,-nan,-nan,-nan,-nan,
0.070289,0.636921,-nan,-nan,-nan,-nan,-nan,-nan,
0.0745941,0.588018,1.07598,-nan,-nan,-nan,-nan,-nan,
0.0782366,0.536179,0.552883,-nan,-nan,-nan,-nan,-nan,
0.083869,0.511479,-0.0199266,-nan,-nan,-nan,-nan,-nan,
0.0927204,0.43553,0.132436,-nan,-nan,-nan,-nan,-nan,
0.113847,0.622459,-0.0393416,-nan,-nan,-nan,-nan,-nan,
0.138584,0.495778,0.107882,-nan,-nan,-nan,-nan,-nan,
0.163765,0.498526,0.113957,-nan,-nan,-nan,-nan,-nan,
0.185858,0.698728,-0.218009,-nan,-nan,-nan,-nan,-nan,
0.211234,0.643337,-0.156277,-nan,-nan,-nan,-nan,-nan,
0.232465,0.722146,0.110095,-nan,-nan,-nan,-nan,-nan,
0.252958,0.725805,0.0283355,-nan,-nan,-nan,-nan,-nan,
0.276933,0.664445,0.176316,-nan,-nan,-nan,-nan,-nan,
0.298752,0.670773,0.173979,-nan,-nan,-nan,-nan,-nan,
0.318906,0.536738,0.124551,-nan,-nan,-nan,-nan,-nan,
0.340277,0.542872,0.161212,-nan,-nan,-nan,-nan,-nan,
0.352153,0.509417,0.254458,-nan,-nan,-nan,-nan,-nan,
0.362954,0.487448,0.307651,-nan,-nan,-nan,-nan,-nan,
0.389327,0.682679,0.295945,-nan,-nan,-nan,-nan,-nan,
0.408854,0.714813,0.102482,-nan,-nan,-nan,-nan,-nan,
0.42607,0.706304,0.266612,-nan,-nan,-nan,-nan,-nan,
0.445162,0.771025,0.389922,-nan,-nan,-nan,-nan,-nan,
0.470037,0.739611,0.336741,-nan,-nan,-nan,-nan,-nan,
0.488107,0.665708,0.212177,-nan,-nan,-nan,-nan,-nan,
0.504245,0.71054,0.136293,-nan,-nan,-nan,-nan,-nan,
0.523206,0.812586,0.113312,-nan,-nan,-nan,-nan,-nan,
0.54242,0.641817,0.273173,-nan,-nan,-nan,-nan,-nan,
0.557268,0.722234,0.210615,-nan,-nan,-nan,-nan,-nan,
0.580991,0.730793,0.473888,-nan,-nan,-nan,-nan,-nan,
0.59913,0.727951,0.306012,-nan,-nan,-nan,-nan,-nan,
0.611201,0.764497,0.420214,-nan,-nan,-nan,-nan,-nan,
0.629268,0.738369,0.270759,-nan,-nan,-nan,-nan,-nan,
0.644724,0.755921,0.268156,-nan,-nan,-nan,-nan,-nan,
0.652733,0.797007,0.441364,-nan,-nan,-nan,-nan,-nan,
0.664055,0.784167,0.277891,-nan,-nan,-nan,-nan,-nan,
0.681555,0.80421,0.365661,-nan,-nan,-nan,-nan,-nan,
0.703094,0.791812,0.46978,-nan,-nan,-nan,-nan,-nan,
0.71078,0.845989,0.657082,-nan,-nan,-nan,-nan,-nan,
0.73072,0.818348,0.248666,-nan,-nan,-nan,-nan,-nan,
0.753463,0.787311,0.241126,-nan,-nan,-nan,-nan,-nan,
0.753551,0.847058,0.327478,-nan,-nan,-nan,-nan,-nan,
0.776887,0.838743,0.301034,-nan,-nan,-nan,-nan,-nan,
0.777451,0.906331,0.0919164,-nan,-nan,-nan,-nan,-nan,
0.813091,0.852595,0.444135,-nan,-nan,-nan,-nan,-nan,
0.81329,0.886717,0.373909,-nan,-nan,-nan,-nan,-nan,
0.815191,0.927168,-nan,-nan,-nan,-nan,-nan,-nan,
0.825336,0.933522,0.0971546,-nan,-nan,-nan,-nan,-nan,
0.841659,0.920787,-nan,-nan,-nan,-nan,-nan,-nan,
0.849765,0.927731,0.527391,-nan,-nan,-nan,-nan,-nan,
0.86302,0.931876,-nan,-nan,-nan,-nan,-nan,-nan,
0.871234,0.94937,-nan,-nan,-nan,-nan,-nan,-nan,
0.887284,0.960508,-nan,-nan,-nan,-nan,-nan,-nan,
0.899622,0.958017,0.0125761,-nan,-nan,-nan,-nan,-nan,
0.909967,0.908565,0.407056,-nan,-nan,-nan,-nan,-nan,
0.913268,0.90029,0.339203,-nan,-nan,-nan,-nan,-nan,
0.910797,0.920031,0.587952,-nan,-nan,-nan,-nan,-nan,
0.920189,0.889942,0.290542,-nan,-nan,-nan,-nan,-nan,
0.925438,0.880031,0.434245,-nan,-nan,-nan,-nan,-nan,
0.932709,0.86146,0.646894,-nan,-nan,-nan,-nan,-nan,
0.941731,0.846454,0.511624,-nan,-nan,-nan,-nan,-nan,
0.948438,0.886083,0.600033,-nan,-nan,-nan,-nan,-nan,
0.948267,0.84729,0.474124,-nan,-nan,-nan,-nan,-nan,
0.949423,0.862472,0.30003,-nan,-nan,-nan,-nan,-nan,
0.952786,0.854931,0.246525,-nan,-nan,-nan,-nan,-nan,
0.952988,0.797207,0.158266,-nan,-nan,-nan,-nan,-nan,
0.965527,0.695732,0.226322,-nan,-nan,-nan,-nan,-nan,
0.958619,0.639459,0.19361,-nan,-nan,-nan,-nan,-nan,
0.971392,0.454326,0.311844,-nan,-nan,-nan,-nan,-nan,
0.97548,0.37119,0.279863,-nan,-nan,-nan,-nan,-nan,
0.968143,0.28018,0.183923,-nan,-nan,-nan,-nan,-nan,
0.965444,0.255084,0.259463,-nan,-nan,-nan,-nan,-nan,
0.949622,0.188815,0.0951337,-nan,-nan,-nan,-nan,-nan,
0.950063,0.200894,0.0330386,-nan,-nan,-nan,-nan,-nan,
0.957295,0.101116,0.0475558,-nan,-nan,-nan,-nan,-nan,
0.975255,-0.111605,0.309799,-nan,-nan,-nan,-nan,-nan,
0.945273,0.140629,-0.0396094,-nan,-nan,-nan,-nan,-nan,
0.938191,0.105142,-0.00161322,-nan,-nan,-nan,-nan,-nan,
0.938874,-0.0554315,-0.0356402,-nan,-nan,-nan,-nan,-nan,
0.954751,-0.0935736,-0.048509,-nan,-nan,-nan,-nan,-nan,
0.952877,-0.0114298,0.0370933,-nan,-nan,-nan,-nan,-nan,
0.939073,0.00940509,-0.0633999,-nan,-nan,-nan,-nan,-nan,
0.960818,-0.38535,-0.0289036,-nan,-nan,-nan,-nan,-nan,
0.962112,-0.371325,0.140455,-nan,-nan,-nan,-nan,-nan,
0.942644,-0.223737,-0.0126567,-nan,-nan,-nan,-nan,-nan,
0.941831,-0.392079,0.0425303,-nan,-nan,-nan,-nan,-nan,
0.948779,-0.47504,-0.0388191,-nan,-nan,-nan,-nan,-nan,
0.952776,-0.554493,-nan,-nan,-nan,-nan,-nan,-nan,
0.924326,-0.487444,-0.0335325,-nan,-nan,-nan,-nan,-nan,
0.926067,-0.633911,-0.133815,-nan,-nan,-nan,-nan,-nan,
0.932253,-0.764594,-nan,-nan,-nan,-nan,-nan,-nan,
0.935687,-0.778705,-nan,-nan,-nan,-nan,-nan,-nan,
0.948858,-0.865356,-nan,-nan,-nan,-nan,-nan,-nan,
0.938221,-0.807737,-0.191367,-nan,-nan,-nan,-nan,-nan,
0.943764,-0.913546,-nan,-nan,-nan,-nan,-nan,-nan,
0.964408,-0.911382,-nan,-nan,-nan,-nan,-nan,-nan,
0.948015,-0.830497,-nan,-nan,-nan,-nan,-nan,-nan,
0.940593,-0.811188,-nan,-nan,-nan,-nan,-nan,-nan,
0.926792,-0.778243,-nan,-nan,-nan,-nan,-nan,-nan,
0.940158,-0.816124,-nan,-nan,-nan,-nan,-nan,-nan,
0.911041,-0.797772,-nan,-nan,-nan,-nan,-nan,-nan,
0.913385,-0.909343,-nan,-nan,-nan,-nan,-nan,-nan,
0.891998,-0.842071,-nan,-nan,-nan,-nan,-nan,-nan,
0.877147,-0.83815,-nan,-nan,-nan,-nan,-nan,-nan,
0.879863,-0.88206,-nan,-nan,-nan,-nan,-nan,-nan,
0.865984,-0.882314,-nan,-nan,-nan,-nan,-nan,-nan,
0.835707,-0.786422,-0.277526,-nan,-nan,-nan,-nan,-nan,
0.841092,-0.873083,-nan,-nan,-nan,-nan,-nan,-nan,
0.828107,-0.819311,-0.315665,-nan,-nan,-nan,-nan,-nan,
0.803226,-0.702792,-0.440542,-nan,-nan,-nan,-nan,-nan,
0.801272,-0.746268,-0.496083,-nan,-nan,-nan,-nan,-nan,
0.786131,-0.718789,-0.390612,-nan,-nan,-nan,-nan,-nan,
0.775756,-0.663515,-0.433093,-nan,-nan,-nan,-nan,-nan,
0.772065,-0.685129,-0.400564,-nan,-nan,-nan,-nan,-nan,
0.753848,-0.55219,-0.369262,-nan,-nan,-nan,-nan,-nan,
0.749177,-0.650624,-0.45681,-nan,-nan,-nan,-nan,-nan,
0.72563,-0.516409,-0.50806,-nan,-nan,-nan,-nan,-nan,
0.707527,-0.537719,-0.596172,-nan,-nan,-nan,-nan,-nan,
0.69801,-0.619251,-nan,-nan,-nan,-nan,-nan,-nan,
0.680464,-0.65106,-nan,-nan,-nan,-nan,-nan,-nan,
0.675259,-0.687265,-nan,-nan,-nan,-nan,-nan,-nan,
0.657814,-0.60833,-nan,-nan,-nan,-nan,-nan,-nan,
0.659356,-0.690321,-nan,-nan,-nan,-nan,-nan,-nan,
0.6572,-0.533272,-nan,-nan,-nan,-nan,-nan,-nan,
0.640894,-0.34575,-0.750079,-nan,-nan,-nan,-nan,-nan,
0.637375,-0.313324,-0.671834,-nan,-nan,-nan,-nan,-nan,
0.627888,-0.136161,-0.517871,-nan,-nan,-nan,-nan,-nan,
0.613722,0.0744928,-0.402844,-nan,-nan,-nan,-nan,-nan,
0.60899,-0.038995,-0.456199,-nan,-nan,-nan,-nan,-nan,
0.602429,0.139628,-0.364271,-nan,-nan,-nan,-nan,-nan,
0.597287,0.509659,-0.211406,-nan,-nan,-nan,-nan,-nan,
0.582664,0.561051,-0.583202,-nan,-nan,-nan,-nan,-nan,
0.545597,0.239886,-0.320527,-nan,-nan,-nan,-nan,-nan,
0.533095,0.135507,-0.361695,-nan,-nan,-nan,-nan,-nan,
0.523923,0.364903,-0.374981,-nan,-nan,-nan,-nan,-nan,
0.497578,0.175242,-0.419259,-nan,-nan,-nan,-nan,-nan,
0.485552,0.192164,-0.472579,-nan,-nan,-nan,-nan,-nan,
0.457451,-0.0185205,-0.431038,-nan,-nan,-nan,-nan,-nan,
0.436023,-0.131058,-0.776605,-nan,-nan,-nan,-nan,-nan,
0.423891,0.268472,-nan,-nan,-nan,-nan,-nan,-nan,
0.381911,-0.0582813,-1.30869,-nan,-nan,-nan,-nan,-nan,
0.381963,0.332655,-nan,-nan,-nan,-nan,-nan,-nan,
0.349129,-0.153186,-1.04862,-nan,-nan,-nan,-nan,-nan,
0.346827,0.133189,-nan,-nan,-nan,-nan,-nan,-nan,
0.326862,-0.339513,-nan,-nan,-nan,-nan,-nan,-nan,
0.322865,-0.409428,-1.05301,-nan,-nan,-nan,-nan,-nan,
0.313523,-0.239922,-nan,-nan,-nan,-nan,-nan,-nan,
0.304904,-0.416963,-1.17037,-nan,-nan,-nan,-nan,-nan,
0.296654,-0.382038,-nan,-nan,-nan,-nan,-nan,-nan,
0.295845,-0.0589977,-nan,-nan,-nan,-nan,-nan,-nan,
0.274589,-0.167958,-nan,-nan,-nan,-nan,-nan,-nan,
0.255545,-0.41398,-nan,-nan,-nan,-nan,-nan,-nan,
0.2487,-0.173468,-nan,-nan,-nan,-nan,-nan,-nan,
0.224395,-0.363482,-nan,-nan,-nan,-nan,-nan,-nan,
0.227637,-0.0595411,-nan,-nan,-nan,-nan,-nan,-nan,
0.204509,-0.233464,-nan,-nan,-nan,-nan,-nan,-nan,
0.186718,-0.253913,-nan,-nan,-nan,-nan,-nan,-nan,
0.170915,-0.177438,-nan,-nan,-nan,-nan,-nan,-nan,
0.158578,-0.376999,-nan,-nan,-nan,-nan,-nan,-nan,
0.145819,-0.386327,-nan,-nan,-nan,-nan,-nan,-nan,
0.131649,-0.310467,-nan,-nan,-nan,-nan,-nan,-nan,
0.11136,-0.44056,-nan,-nan,-nan,-nan,-nan,-nan,
0.0997886,-0.245742,-nan,-nan,-nan,-nan,-nan,-nan,
0.0833854,-0.494027,-nan,-nan,-nan,-nan,-nan,-nan,
0.0804752,-0.12647,-nan,-nan,-nan,-nan,-nan,-nan,
0.0509961,-0.407425,-nan,-nan,-nan,-nan,-nan,-nan,
0.0447094,-0.113019,-nan,-nan,-nan,-nan,-nan,-nan,
0.0258769,-0.0705954,-nan,-nan,-nan,-nan,-nan,-nan,
0.0203966,0.21115,-nan,-nan,-nan,-nan,-nan,-nan,
-0.0209476,-0.531534,-nan,-nan,-nan,-nan,-nan,-nan,
-0.0325333,-0.354838,-nan,-nan,-nan,-nan,-nan,-nan,
-0.0522699,-0.48077,-nan,-nan,-nan,-nan,-nan,-nan,
-0.065897,-0.501085,-nan,-nan,-nan,-nan,-nan,-nan,
-0.0745809,-0.436873,-nan,-nan,-nan,-nan,-nan,-nan,
-0.0807851,-0.521727,-nan,-nan,-nan,-nan,-nan,-nan,
-0.0878842,-0.600305,-nan,-nan,-nan,-nan,-nan,-nan,
-0.099376,-0.488072,-2.34262,-nan,-nan,-nan,-nan,-nan,
-0.113263,-0.548608,-nan,-nan,-nan,-nan,-nan,-nan,
-0.132237,-0.653226,-nan,-nan,-nan,-nan,-nan,-nan,
-0.154635,-0.653221,-nan,-nan,-nan,-nan,-nan,-nan,
-0.176993,-0.675331,-0.433044,-nan,-nan,-nan,-nan,-nan,
-0.200049,-0.708453,-0.650445,-nan,-nan,-nan,-nan,-nan,
-0.22282,-0.492233,-1.00911,-nan,-nan,-nan,-nan,-nan,
-0.240074,-0.749687,-nan,-nan,-nan,-nan,-nan,-nan,
-0.264797,-0.747656,-0.785421,-nan,-nan,-nan,-nan,-nan,
-0.285153,-0.548293,-0.810564,-nan,-nan,-nan,-nan,-nan,
-0.297586,-0.494706,-1.3287,-nan,-nan,-nan,-nan,-nan,
-0.315199,-0.620073,-nan,-nan,-nan,-nan,-nan,-nan,
-0.334838,-0.68353,-nan,-nan,-nan,-nan,-nan,-nan,
-0.360192,-0.648968,-0.970305,-nan,-nan,-nan,-nan,-nan,
-0.384488,-0.642379,-nan,-nan,-nan,-nan,-nan,-nan,
-0.400762,-0.49069,-nan,-nan,-nan,-nan,-nan,-nan,
-0.414728,-0.667269,-nan,-nan,-nan,-nan,-nan,-nan,
-0.434662,-0.60715,-nan,-nan,-nan,-nan,-nan,-nan,
-0.444819,-0.483192,-nan,-nan,-nan,-nan,-nan,-nan,
-0.462094,-0.776264,-nan,-nan,-nan,-nan,-nan,-nan,
-0.482929,-0.440608,-nan,-nan,-nan,-nan,-nan,-nan,
-0.499089,-0.603234,-nan,-nan,-nan,-nan,-nan,-nan,
-0.514281,-0.36993,-0.768376,-nan,-nan,-nan,-nan,-nan,
-0.527521,-0.303599,-0.799655,-nan,-nan,-nan,-nan,-nan,
-0.545233,-0.446467,-nan,-nan,-nan,-nan,-nan,-nan,
-0.566953,-0.617296,-nan,-nan,-nan,-nan,-nan,-nan,
-0.591846,-0.72935,-nan,-nan,-nan,-nan,-nan,-nan,
-0.616477,-0.596079,-nan,-nan,-nan,-nan,-nan,-nan,
-0.628097,-0.717756,-0.888549,-nan,-nan,-nan,-nan,-nan,
-0.646975,-0.743799,-nan,-nan,-nan,-nan,-nan,-nan,
-0.670101,-0.789492,-nan,-nan,-nan,-nan,-nan,-nan,
-0.69474,-0.692936,-1.31636,-nan,-nan,-nan,-nan,-nan,
-0.692523,-0.648436,-nan,-nan,-nan,-nan,-nan,-nan,
-0.705675,-0.706281,-nan,-nan,-nan,-nan,-nan,-nan,
-0.724184,-0.713677,-1.94556,-nan,-nan,-nan,-nan,-nan,
-0.743539,-0.792499,-nan,-nan,-nan,-nan,-nan,-nan,
-0.769264,-0.534569,-nan,-nan,-nan,-nan,-nan,-nan,
-0.772277,-0.745485,-nan,-nan,-nan,-nan,-nan,-nan,
-0.790615,-0.747821,-1.06192,-nan,-nan,-nan,-nan,-nan,
-0.805557,-0.81266,-nan,-nan,-nan,-nan,-nan,-nan,
-0.825148,-0.855135,-0.529886,-nan,-nan,-nan,-nan,-nan,
-0.84313,-0.793026,-0.358732,-nan,-nan,-nan,-nan,-nan,
-0.864973,-0.668703,-nan,-nan,-nan,-nan,-nan,-nan,
-0.852561,-0.716459,-nan,-nan,-nan,-nan,-nan,-nan,
-0.869429,-0.674796,-1.02301,-nan,-nan,-nan,-nan,-nan,
-0.884295,-0.671328,-1.13112,-nan,-nan,-nan,-nan,-nan,
-0.898156,-0.732151,-1.27936,-nan,-nan,-nan,-nan,-nan,
-0.921441,-0.701406,-1.21839,-nan,-nan,-nan,-nan,-nan,
-0.92611,-0.456675,-nan,-nan,-nan,-nan,-nan,-nan,
-0.920333,-0.691506,-nan,-nan,-nan,-nan,-nan,-nan,
-0.95206,-0.562145,-1.17675,-nan,-nan,-nan,-nan,-nan,
-0.956155,-0.429265,-nan,-nan,-nan,-nan,-nan,-nan,
-0.963801,-0.640976,-1.38371,-nan,-nan,-nan,-nan,-nan,
-0.970002,-0.510878,-1.43835,-nan,-nan,-nan,-nan,-nan,
-0.981439,-0.52139,-1.71347,-nan,-nan,-nan,-nan,-nan,
-0.983944,-0.607928,-0.704553,-nan,-nan,-nan,-nan,-nan,
-1.00766,-0.41242,-nan,-nan,-nan,-nan,-nan,-nan,
-1.00922,-0.44698,-1.54759,-nan,-nan,-nan,-nan,-nan,
-1.00351,-0.608466,-0.65428,-nan,-nan,-nan,-nan,-nan,
-1.01354,-0.507228,-0.597623,-nan,-nan,-nan,-nan,-nan,
-1.03299,-0.359246,-0.944208,-nan,-nan,-nan,-nan,-nan,
-1.01593,-0.739118,-0.866571,-nan,-nan,-nan,-nan,-nan,
-1.02303,-0.661508,-0.723956,-nan,-nan,-nan,-nan,-nan,
-1.03922,-0.668458,-0.688381,-nan,-nan,-nan,-nan,-nan,
-1.04291,-0.635086,-0.450879,-nan,-nan,-nan,-nan,-nan,
-1.04254,-0.702255,-0.719114,-nan,-nan,-nan,-nan,-nan,
-1.04949,-0.723568,-0.609021,-nan,-nan,-nan,-nan,-nan,
-1.03517,-0.78572,-0.410867,-nan,-nan,-nan,-nan,-nan,
-1.06047,-0.715915,-1.25988,-nan,-nan,-nan,-nan,-nan,
-1.02338,-0.829425,-0.406116,-nan,-nan,-nan,-nan,-nan,
-1.0412,-0.737382,-0.509535,-nan,-nan,-nan,-nan,-nan,
-1.01898,-0.81204,-0.247016,-nan,-nan,-nan,-nan,-nan,
-1.02916,-0.78513,-0.171149,-nan,-nan,-nan,-nan,-nan,
-1.03951,-0.833998,-0.244148,-nan,-nan,-nan,-nan,-nan,
-1.03904,-0.877621,-0.411654,-nan,-nan,-nan,-nan,-nan,
-1.048,-0.909235,-0.616682,-nan,-nan,-nan,-nan,-nan,
-1.05175,-0.912454,-0.485378,-nan,-nan,-nan,-nan,-nan,
-1.04839,-0.933487,-0.51147,-nan,-nan,-nan,-nan,-nan,
-1.03485,-0.969659,-0.736415,-nan,-nan,-nan,-nan,-nan,
-1.03907,-0.960468,-1.25471,-nan,-nan,-nan,-nan,-nan,
-1.04211,-0.961777,-0.549659,-nan,-nan,-nan,-nan,-nan,
-1.0432,-0.988031,-0.0509202,-nan,-nan,-nan,-nan,-nan,
-1.03038,-0.969138,-0.213702,-nan,-nan,-nan,-nan,-nan,
-1.02538,-0.963332,-0.253383,-nan,-nan,-nan,-nan,-nan,
-1.02406,-0.932011,-0.42564,-nan,-nan,-nan,-nan,-nan,
-1.06864,-0.994767,-nan,-nan,-nan,-nan,-nan,-nan,
-1.01271,-0.919894,-0.14507,-nan,-nan,-nan,-nan,-nan,
-1.01458,-0.878184,-0.314691,-nan,-nan,-nan,-nan,-nan,
-1.01286,-0.800122,-0.421786,-nan,-nan,-nan,-nan,-nan,
-1.01991,-0.696252,-0.528817,-nan,-nan,-nan,-nan,-nan,
-1.00507,-0.87646,-0.387794,-nan,-nan,-nan,-nan,-nan,
-1.00043,-0.803753,-0.0917333,-nan,-nan,-nan,-nan,-nan,
-0.998965,-0.926947,-0.045666,-nan,-nan,-nan,-nan,-nan,
-0.987395,-0.902158,-0.0379699,-nan,-nan,-nan,-nan,-nan,
-0.980923,-0.887113,-0.0216545,-nan,-nan,-nan,-nan,-nan,
